2,test-dependency-2
and,test-dependency,test-dependency-2,test-dependent
answer,test-dependency,test-dependency-2,test-dependent
dependency,test-dependency,test-dependency-2
dependent,test-dependent
everything,test-dependency,test-dependency-2,test-dependent
life,test-dependency,test-dependency-2,test-dependent
megadodo,test-dependency,test-dependency-2,test-dependent
mit,test-dependency,test-dependency-2,test-dependent
of,test-dependency,test-dependency-2,test-dependent
publications,test-dependency,test-dependency-2,test-dependent
question,test-dependency,test-dependency-2,test-dependent
test,test-dependency,test-dependency-2,test-dependent
the,test-dependency,test-dependency-2,test-dependent
to,test-dependency,test-dependency-2,test-dependent
ultimate,test-dependency,test-dependency-2,test-dependent
universe,test-dependency,test-dependency-2,test-dependent